[{"model": "sites.site", "pk": 1, "fields": {"domain": "www.alphageek.xyz", "name": "www.alphageek.xyz"}}, {"model": "sites.site", "pk": 2, "fields": {"domain": "community.alphageek.xyz", "name": "community.alphageek.xyz"}}, {"model": "flatpages.flatpage", "pk": 1, "fields": {"url": "/about/", "title": "About Us", "content": "<div class=\"container\">\r\n  <div class=\"row\">\r\n    <div class=\"col-sm-10 col-sm-offset-1\">\r\n      <div class=\"well well-lg\">\r\n        <dl>\r\n          <dt>\r\n            <h1>\r\n              <a href=\"http://www.catb.org/jargon/html/A/alpha-geek.html\" target=\"_blank\">al\u00b7pha geek</a>\r\n            </h1>\r\n          </dt>\r\n          <dd>\r\n            <strong><em>noun</em>&nbsp;informal</strong>&nbsp;[from animal ethologists' alpha male]\r\n          </dd>\r\n        </dl>\r\n        <ol class=\"ol-horizontal\">\r\n          <li>&nbsp;&nbsp;<strong>the most technically accomplished or skillful person in some implied context</strong>\r\n            <blockquote class=\"definition\" cite=\"http://www.catb.org/jargon/html/A/alpha-geek.html\">\r\n              <q>Ask Larry, he's the alpha geek here.</q>\r\n            </blockquote>\r\n          </li>\r\n          <li>&nbsp;&nbsp;<strong>a person who has great expertise in computing and related technology</strong>\r\n            <blockquote class=\"definition\" cite=\"http://www.oxforddictionaries.com/definition/american_english/alpha-geek\">\r\n              <q>The alpha geeks are often a few years ahead of their time.</q>\r\n            </blockquote>\r\n          </li>\r\n        </ol>\r\n      </div>\r\n    </div>\r\n  </div>\r\n</div>", "enable_comments": false, "template_name": "flatpages/about.html", "registration_required": false, "sites": [1]}}, {"model": "flatpages.flatpage", "pk": 2, "fields": {"url": "/", "title": "Computer Services", "content": "<div class=\"container\">\r\n  <div class=\"row\">\r\n    <div class=\"col-md-10 col-md-offset-1\">\r\n      <div class=\"jumbotron\">\r\n        <article>\r\n          <p class=\"lead\">\r\n            We know how intimidating your computer can be, so let us help.\r\n            Why spend the day trying to solve your tech problems when our\r\n            experts can get you up and running in no time? Let us do the work\r\n            so you can get on with your life. We'll even come to you (\r\n            <abbr title=\"Dallas/Fort Worth Metroplex\">DFW</abbr> residents only)!\r\n            <a href=\"/contact/\"><u>Contact us</u></a> NOW to schedule\r\n            an appointment!\r\n          </p>\r\n        </article>\r\n      </div>\r\n      <div class=\"jumbotron\">\r\n        <article>\r\n          <p class=\"lead\">\r\n            Need help when you're out of town? Don't panic. As long as you have\r\n            a working internet connection, we still might be able to help. Simply\r\n            schedule an appointment for a remote-assistance-eligible <a href=\"/services/\">\r\n            <u>service</u></a>, then follow our easy&nbsp;<abbr title=\"Virtual Private Network\">VPN</abbr>\r\n            &nbsp;setup instructions, and one of our experts will connect to your computer over\r\n            our encrypted virtual network!\r\n          </p>\r\n        </article>\r\n      </div>\r\n      <div class=\"jumbotron\">\r\n        <aside>\r\n          <p class=\"lead\">\r\n            If you have a problem which requires a service that is not <a href=\"/services/\">\r\n            <u>listed on our website</u></a>, please contact us and we will do our best to solve it, even if\r\n            that means referring you to one of our competitors.\r\n          </p>\r\n        </aside>\r\n      </div>\r\n    </div>\r\n  </div>\r\n</div>", "enable_comments": false, "template_name": "flatpages/home.html", "registration_required": false, "sites": [1]}}, {"model": "redirects.redirect", "pk": 1, "fields": {"site": 1, "old_path": "/index.html", "new_path": "/"}}, {"model": "redirects.redirect", "pk": 2, "fields": {"site": 1, "old_path": "/home.html", "new_path": "/"}}, {"model": "redirects.redirect", "pk": 3, "fields": {"site": 1, "old_path": "/about.html", "new_path": "/about/"}}, {"model": "redirects.redirect", "pk": 4, "fields": {"site": 1, "old_path": "/contact.html", "new_path": "/contact/"}}, {"model": "redirects.redirect", "pk": 5, "fields": {"site": 1, "old_path": "/services.html", "new_path": "/services/"}}, {"model": "redirects.redirect", "pk": 6, "fields": {"site": 1, "old_path": "/community.html", "new_path": "/community/"}}, {"model": "redirects.redirect", "pk": 7, "fields": {"site": 1, "old_path": "/home/", "new_path": "/"}}, {"model": "redirects.redirect", "pk": 8, "fields": {"site": 1, "old_path": "/index/", "new_path": "/"}}, {"model": "landing.service", "pk": 1, "fields": {"name": "Web Design", "description": "- Affordable personal and business websites\r\n- Custom hosting solutions to meet your budget\r\n- Maintain it yourself or let us handle everything for a nominal monthly fee\r\n- [Contact us](/contact/) for a FREE quote", "order": 1}}, {"model": "landing.service", "pk": 2, "fields": {"name": "VPN Solutions", "description": "- Point-to-Point or Site-to-Site\r\n- Home and Small office Road Warriors\r\n- SSL/TLS and/or PKCS#11 dual-factor authentication\r\n- Pre configured virtual appliances\r\n\r\n*[SSL]: Secure Socket Layer\r\n*[TLS]:  Transport Layer Security\r\n*[PKCS]: Public Key Cryptography Standards", "order": 2}}, {"model": "landing.service", "pk": 3, "fields": {"name": "Custom Builds", "description": "- Custom Desktops\r\n- Gaming PCs\r\n- File, Web, VPN, Proxy, Media, & Remote Access Servers\r\n\r\n*[VPN]: Virtual Private Network\r\n*[PCs]: Personal Computer", "order": 4}}, {"model": "landing.service", "pk": 4, "fields": {"name": "Networking", "description": "- Wireless configuration and connection troubleshooting\r\n- Wireless repeater/bridge/AP solutions\r\n- Security hardening\r\n- Reliability/performance troubleshooting\r\n\r\n*[AP]: Access Point", "order": 5}}, {"model": "landing.service", "pk": 5, "fields": {"name": "Mobile Devices", "description": "- Email Configuration\r\n- Backup/Restore\r\n- Optimize for visual/hearing impaired\r\n- Rooting (Android only)\r\n- Carrier Unlock Codes", "order": 6}}, {"model": "landing.service", "pk": 6, "fields": {"name": "Lessons", "description": "- Microsoft Word, Excel, PowerPoint, Outlook, etc.\r\n- Microsoft Windows, Apple OSX & iOS\r\n- ALL THINGS LINUX", "order": 7}}, {"model": "landing.service", "pk": 7, "fields": {"name": "Consulting", "description": "- Small Office\r\n- Home Office", "order": 8}}, {"model": "landing.service", "pk": 8, "fields": {"name": "Device Setup", "description": "- Home PCs\r\n- Office Workstations\r\n- Mobile Devices\r\n- Networking Hardware\r\n\r\n*[PCs]: Personal Computer", "order": 9}}, {"model": "landing.service", "pk": 9, "fields": {"name": "Viruses/Spyware", "description": "", "order": 12}}, {"model": "landing.service", "pk": 10, "fields": {"name": "Maintenance", "description": "- Preventative\r\n- One-time/Periodic", "order": 10}}, {"model": "landing.service", "pk": 11, "fields": {"name": "Repairs", "description": "- Upgrades\r\n- Component Replacement\r\n    * Motherboard\r\n    * RAM\r\n    * CPU\r\n    * Power Supply\r\n\r\n*[RAM]: Random-access Memory\r\n*[CPU]: Central Processing Unit", "order": 11}}, {"model": "landing.service", "pk": 12, "fields": {"name": "Backup Solutions", "description": "- One-Time and/or Automated Backups\r\n- NAS, RAID Setup\r\n- Preconfigured Virtual Appliances\r\n\r\n*[NAS]: Network-attached Storage\r\n*[RAID]: Redundant Array of Independent Disks", "order": 3}}, {"model": "contact.contact", "pk": 11, "fields": {"date": "2016-09-30T17:56:41.091Z", "first_name": "Amy", "last_name": "Takers", "name": "Amy Takers", "phone": "5125985656", "email": "amy.takers@gmail.com", "comment": "We can increase rankings of your website in all major search engines at a very affordable price. Email us back to get a full proposal.", "status": "c", "notes": "", "remote_address": "112.196.160.174"}}, {"model": "contact.contact", "pk": 16, "fields": {"date": "2016-10-16T04:00:12.863Z", "first_name": "Ryan", "last_name": "Kaiser", "name": "Ryan Kaiser", "phone": "2146357173", "email": "ryandkaiser@gmail.com", "comment": "hiiiiiiiiiii", "status": "n", "notes": null, "remote_address": "47.186.15.119"}}, {"model": "contact.contact", "pk": 17, "fields": {"date": "2016-10-16T10:58:41.768Z", "first_name": "Ryan", "last_name": "Kaiser", "name": "Ryan Kaiser", "phone": "2146357173", "email": "ryandkaiser@gmail.com", "comment": "Wassup", "status": "n", "notes": null, "remote_address": "172.58.107.13"}}, {"model": "metadata.state", "pk": 1, "fields": {"name": "Alabama", "abbreviation": "AL"}}, {"model": "metadata.state", "pk": 2, "fields": {"name": "Alaska", "abbreviation": "AK"}}, {"model": "metadata.state", "pk": 3, "fields": {"name": "Arizona", "abbreviation": "AZ"}}, {"model": "metadata.state", "pk": 4, "fields": {"name": "Arkansas", "abbreviation": "AR"}}, {"model": "metadata.state", "pk": 5, "fields": {"name": "California", "abbreviation": "CA"}}, {"model": "metadata.state", "pk": 6, "fields": {"name": "Colorado", "abbreviation": "CO"}}, {"model": "metadata.state", "pk": 7, "fields": {"name": "Connecticut", "abbreviation": "CT"}}, {"model": "metadata.state", "pk": 8, "fields": {"name": "Delaware", "abbreviation": "DE"}}, {"model": "metadata.state", "pk": 9, "fields": {"name": "Florida", "abbreviation": "FL"}}, {"model": "metadata.state", "pk": 10, "fields": {"name": "Georgia", "abbreviation": "GA"}}, {"model": "metadata.state", "pk": 11, "fields": {"name": "Hawaii", "abbreviation": "HI"}}, {"model": "metadata.state", "pk": 12, "fields": {"name": "Idaho", "abbreviation": "ID"}}, {"model": "metadata.state", "pk": 13, "fields": {"name": "Illinois", "abbreviation": "IL"}}, {"model": "metadata.state", "pk": 14, "fields": {"name": "Indiana", "abbreviation": "IN"}}, {"model": "metadata.state", "pk": 15, "fields": {"name": "Iowa", "abbreviation": "IA"}}, {"model": "metadata.state", "pk": 16, "fields": {"name": "Kansas", "abbreviation": "KS"}}, {"model": "metadata.state", "pk": 17, "fields": {"name": "Kentucky", "abbreviation": "KY"}}, {"model": "metadata.state", "pk": 18, "fields": {"name": "Louisiana", "abbreviation": "LA"}}, {"model": "metadata.state", "pk": 19, "fields": {"name": "Maine", "abbreviation": "ME"}}, {"model": "metadata.state", "pk": 20, "fields": {"name": "Maryland", "abbreviation": "MD"}}, {"model": "metadata.state", "pk": 21, "fields": {"name": "Massachusetts", "abbreviation": "MA"}}, {"model": "metadata.state", "pk": 22, "fields": {"name": "Michigan", "abbreviation": "MI"}}, {"model": "metadata.state", "pk": 23, "fields": {"name": "Minnesota", "abbreviation": "MN"}}, {"model": "metadata.state", "pk": 24, "fields": {"name": "Mississippi", "abbreviation": "MS"}}, {"model": "metadata.state", "pk": 25, "fields": {"name": "Missouri", "abbreviation": "MO"}}, {"model": "metadata.state", "pk": 26, "fields": {"name": "Montana", "abbreviation": "MT"}}, {"model": "metadata.state", "pk": 27, "fields": {"name": "Nebraska", "abbreviation": "NE"}}, {"model": "metadata.state", "pk": 28, "fields": {"name": "Nevada", "abbreviation": "NV"}}, {"model": "metadata.state", "pk": 29, "fields": {"name": "New Hampshire", "abbreviation": "NH"}}, {"model": "metadata.state", "pk": 30, "fields": {"name": "New Jersey", "abbreviation": "NJ"}}, {"model": "metadata.state", "pk": 31, "fields": {"name": "New Mexico", "abbreviation": "NM"}}, {"model": "metadata.state", "pk": 32, "fields": {"name": "New York", "abbreviation": "NY"}}, {"model": "metadata.state", "pk": 33, "fields": {"name": "North Carolina", "abbreviation": "NC"}}, {"model": "metadata.state", "pk": 34, "fields": {"name": "North Dakota", "abbreviation": "ND"}}, {"model": "metadata.state", "pk": 35, "fields": {"name": "Ohio", "abbreviation": "OH"}}, {"model": "metadata.state", "pk": 36, "fields": {"name": "Oklahoma", "abbreviation": "OK"}}, {"model": "metadata.state", "pk": 37, "fields": {"name": "Oregon", "abbreviation": "OR"}}, {"model": "metadata.state", "pk": 38, "fields": {"name": "Pennsylvania", "abbreviation": "PA"}}, {"model": "metadata.state", "pk": 39, "fields": {"name": "Rhode Island", "abbreviation": "RI"}}, {"model": "metadata.state", "pk": 40, "fields": {"name": "South Carolina", "abbreviation": "SC"}}, {"model": "metadata.state", "pk": 41, "fields": {"name": "South Dakota", "abbreviation": "SD"}}, {"model": "metadata.state", "pk": 42, "fields": {"name": "Tennessee", "abbreviation": "TN"}}, {"model": "metadata.state", "pk": 43, "fields": {"name": "Texas", "abbreviation": "TX"}}, {"model": "metadata.state", "pk": 44, "fields": {"name": "Utah", "abbreviation": "UT"}}, {"model": "metadata.state", "pk": 45, "fields": {"name": "Vermont", "abbreviation": "VT"}}, {"model": "metadata.state", "pk": 46, "fields": {"name": "Virginia", "abbreviation": "VA"}}, {"model": "metadata.state", "pk": 47, "fields": {"name": "Washington", "abbreviation": "WA"}}, {"model": "metadata.state", "pk": 48, "fields": {"name": "West Virginia", "abbreviation": "WV"}}, {"model": "metadata.state", "pk": 49, "fields": {"name": "Wisconsin", "abbreviation": "WI"}}, {"model": "metadata.state", "pk": 50, "fields": {"name": "Wyoming", "abbreviation": "WY"}}, {"model": "metadata.tag", "pk": 1, "fields": {"name": "social"}}, {"model": "metadata.keyword", "pk": 1, "fields": {"name": "alpha geeks"}}, {"model": "metadata.keyword", "pk": 2, "fields": {"name": "computer assistance"}}, {"model": "metadata.keyword", "pk": 3, "fields": {"name": "computer fix"}}, {"model": "metadata.keyword", "pk": 4, "fields": {"name": "computer geeks"}}, {"model": "metadata.keyword", "pk": 5, "fields": {"name": "computer help"}}, {"model": "metadata.keyword", "pk": 6, "fields": {"name": "computer repair"}}, {"model": "metadata.keyword", "pk": 7, "fields": {"name": "home computer service"}}, {"model": "metadata.keyword", "pk": 8, "fields": {"name": "pc fix"}}, {"model": "metadata.keyword", "pk": 9, "fields": {"name": "pc repair"}}, {"model": "metadata.keyword", "pk": 10, "fields": {"name": "virus removal"}}, {"model": "metadata.keyword", "pk": 11, "fields": {"name": "alpha computer"}}, {"model": "metadata.keyword", "pk": 12, "fields": {"name": "geek computer"}}, {"model": "metadata.keyword", "pk": 13, "fields": {"name": "computer repairs near me"}}, {"model": "metadata.keyword", "pk": 14, "fields": {"name": "plano computer repair"}}, {"model": "metadata.keyword", "pk": 15, "fields": {"name": "computer repair near me"}}, {"model": "metadata.link", "pk": 1, "fields": {"name": "facebook", "url": "https://facebook.com/alphageekcs", "tags": [1]}}, {"model": "metadata.link", "pk": 2, "fields": {"name": "google_plus", "url": "https://plus.google.com/+Ntxcomputerservices/about", "tags": [1]}}, {"model": "metadata.link", "pk": 3, "fields": {"name": "google_maps", "url": "https://maps.google.com?daddr=Alpha+Geek+Computer+Services+1727+Nest+Place+Plano+TX+75093", "tags": [1]}}, {"model": "metadata.link", "pk": 4, "fields": {"name": "yelp", "url": "https://www.yelp.com/biz/alpha-geek-computer-services-plano", "tags": [1]}}, {"model": "metadata.link", "pk": 5, "fields": {"name": "github", "url": "https://github.com/alphageek-xyz", "tags": [1]}}, {"model": "metadata.postaladdress", "pk": 3, "fields": {"name": "full", "street": "1727 Nest Place", "locality": "Plano", "state": 43, "postal_code": "75093"}}, {"model": "metadata.phonenumber", "pk": 1, "fields": {"kind": "ma", "country_code": "1", "area_code": "972", "main_digits": "6569338"}}, {"model": "metadata.localbusiness", "pk": 2, "fields": {"context": "http://schema.org", "name": "Alpha Geek Computer Services", "alt_name": "Alpha Geeks", "description": "Alpha Geek Computer Services provides in-shop, on-site, and remote IT services.", "url": "https://alphageek.xyz", "address": 3, "telephone": 1, "logo": "https://www.alphageek.xyz/s/img/logo.png", "founder": "Ryan Kaiser", "email": "root@alphageek.xyz", "links": [1, 2, 3, 4, 5]}}, {"model": "metadata.website", "pk": 2, "fields": {"site": 1, "schema": 2, "keywords": [1, 2, 3, 4, 5, 6, 7, 8, 9, 10, 11, 12, 13, 14, 15]}}, {"model": "forum.forum", "pk": 1, "fields": {"created": "2016-08-18T09:35:27.377Z", "updated": "2016-10-15T04:11:45.631Z", "parent": null, "name": "General", "slug": "general", "description": "", "image": "", "link": "", "link_redirects": false, "type": 1, "posts_count": 2, "topics_count": 1, "link_redirects_count": 0, "last_post_on": "2016-09-10T04:12:48.970Z", "display_sub_forum_list": true, "_description_rendered": "<p></p>", "lft": 1, "rght": 8, "tree_id": 1, "level": 0}}, {"model": "forum.forum", "pk": 2, "fields": {"created": "2016-08-18T09:36:09.325Z", "updated": "2016-10-15T04:11:45.620Z", "parent": 1, "name": "Community", "slug": "community", "description": "Get help from the community", "image": "", "link": "", "link_redirects": false, "type": 0, "posts_count": 2, "topics_count": 1, "link_redirects_count": 0, "last_post_on": "2016-09-10T04:12:48.970Z", "display_sub_forum_list": true, "_description_rendered": "<p>Get help from the community</p>", "lft": 2, "rght": 3, "tree_id": 1, "level": 1}}, {"model": "forum.forum", "pk": 3, "fields": {"created": "2016-08-18T09:37:00.347Z", "updated": "2016-09-10T04:14:01.546Z", "parent": null, "name": "Ask an Alpha Geek", "slug": "ask-an-alpha-geek", "description": "Questions about our services.", "image": "", "link": "", "link_redirects": false, "type": 1, "posts_count": 1, "topics_count": 1, "link_redirects_count": 0, "last_post_on": "2016-09-10T04:14:01.516Z", "display_sub_forum_list": true, "_description_rendered": "<p>Questions about our services.</p>", "lft": 1, "rght": 28, "tree_id": 2, "level": 0}}, {"model": "forum.forum", "pk": 4, "fields": {"created": "2016-08-18T09:37:50.370Z", "updated": "2016-09-10T04:14:01.535Z", "parent": 3, "name": "Web Design", "slug": "web-design", "description": "", "image": "", "link": "", "link_redirects": false, "type": 0, "posts_count": 1, "topics_count": 1, "link_redirects_count": 0, "last_post_on": "2016-09-10T04:14:01.516Z", "display_sub_forum_list": true, "_description_rendered": "", "lft": 2, "rght": 3, "tree_id": 2, "level": 1}}, {"model": "forum.forum", "pk": 5, "fields": {"created": "2016-08-18T09:38:15.317Z", "updated": "2016-08-18T09:38:15.317Z", "parent": 3, "name": "Backup Solutions", "slug": "backup-solutions", "description": "", "image": "", "link": "", "link_redirects": false, "type": 0, "posts_count": 0, "topics_count": 0, "link_redirects_count": 0, "last_post_on": null, "display_sub_forum_list": true, "_description_rendered": "", "lft": 4, "rght": 5, "tree_id": 2, "level": 1}}, {"model": "forum.forum", "pk": 6, "fields": {"created": "2016-08-18T09:38:40.274Z", "updated": "2016-08-18T09:59:47.302Z", "parent": 3, "name": "Consulting", "slug": "consulting", "description": "", "image": "", "link": "", "link_redirects": false, "type": 0, "posts_count": 0, "topics_count": 0, "link_redirects_count": 0, "last_post_on": null, "display_sub_forum_list": true, "_description_rendered": "", "lft": 6, "rght": 7, "tree_id": 2, "level": 1}}, {"model": "forum.forum", "pk": 7, "fields": {"created": "2016-08-18T11:26:21.876Z", "updated": "2016-08-18T11:26:21.876Z", "parent": 3, "name": "Mobile Devices", "slug": "mobile-devices", "description": "", "image": "", "link": "", "link_redirects": false, "type": 0, "posts_count": 0, "topics_count": 0, "link_redirects_count": 0, "last_post_on": null, "display_sub_forum_list": true, "_description_rendered": "", "lft": 8, "rght": 9, "tree_id": 2, "level": 1}}, {"model": "forum.forum", "pk": 8, "fields": {"created": "2016-08-18T11:26:44.720Z", "updated": "2016-08-18T11:26:44.720Z", "parent": 3, "name": "VPN Solutions", "slug": "vpn-solutions", "description": "", "image": "", "link": "", "link_redirects": false, "type": 0, "posts_count": 0, "topics_count": 0, "link_redirects_count": 0, "last_post_on": null, "display_sub_forum_list": true, "_description_rendered": "", "lft": 10, "rght": 11, "tree_id": 2, "level": 1}}, {"model": "forum.forum", "pk": 9, "fields": {"created": "2016-08-18T11:27:00.613Z", "updated": "2016-08-18T11:27:00.613Z", "parent": 3, "name": "Custom Builds", "slug": "custom-builds", "description": "", "image": "", "link": "", "link_redirects": false, "type": 0, "posts_count": 0, "topics_count": 0, "link_redirects_count": 0, "last_post_on": null, "display_sub_forum_list": true, "_description_rendered": "", "lft": 12, "rght": 13, "tree_id": 2, "level": 1}}, {"model": "forum.forum", "pk": 10, "fields": {"created": "2016-08-18T11:27:18.634Z", "updated": "2016-08-18T11:27:18.634Z", "parent": 3, "name": "Lessons", "slug": "lessons", "description": "", "image": "", "link": "", "link_redirects": false, "type": 0, "posts_count": 0, "topics_count": 0, "link_redirects_count": 0, "last_post_on": null, "display_sub_forum_list": true, "_description_rendered": "", "lft": 14, "rght": 15, "tree_id": 2, "level": 1}}, {"model": "forum.forum", "pk": 11, "fields": {"created": "2016-08-18T11:27:38.236Z", "updated": "2016-08-18T11:27:38.236Z", "parent": 3, "name": "Device Setup", "slug": "device-setup", "description": "", "image": "", "link": "", "link_redirects": false, "type": 0, "posts_count": 0, "topics_count": 0, "link_redirects_count": 0, "last_post_on": null, "display_sub_forum_list": true, "_description_rendered": "", "lft": 16, "rght": 17, "tree_id": 2, "level": 1}}, {"model": "forum.forum", "pk": 12, "fields": {"created": "2016-08-18T11:27:59.503Z", "updated": "2016-08-18T11:27:59.503Z", "parent": 3, "name": "Maintenance", "slug": "maintenance", "description": "", "image": "", "link": "", "link_redirects": false, "type": 0, "posts_count": 0, "topics_count": 0, "link_redirects_count": 0, "last_post_on": null, "display_sub_forum_list": true, "_description_rendered": "", "lft": 18, "rght": 19, "tree_id": 2, "level": 1}}, {"model": "forum.forum", "pk": 13, "fields": {"created": "2016-08-18T11:28:21.694Z", "updated": "2016-08-18T11:28:21.694Z", "parent": 3, "name": "Viruses/Spyware", "slug": "virusesspyware", "description": "", "image": "", "link": "", "link_redirects": false, "type": 0, "posts_count": 0, "topics_count": 0, "link_redirects_count": 0, "last_post_on": null, "display_sub_forum_list": true, "_description_rendered": "", "lft": 20, "rght": 21, "tree_id": 2, "level": 1}}, {"model": "forum.forum", "pk": 14, "fields": {"created": "2016-08-18T11:28:36.415Z", "updated": "2016-08-18T11:28:36.415Z", "parent": 3, "name": "Repairs", "slug": "repairs", "description": "", "image": "", "link": "", "link_redirects": false, "type": 0, "posts_count": 0, "topics_count": 0, "link_redirects_count": 0, "last_post_on": null, "display_sub_forum_list": true, "_description_rendered": "", "lft": 22, "rght": 23, "tree_id": 2, "level": 1}}, {"model": "forum.forum", "pk": 15, "fields": {"created": "2016-08-18T11:30:58.461Z", "updated": "2016-08-18T11:30:58.462Z", "parent": 3, "name": "Networking", "slug": "networking", "description": "", "image": "", "link": "", "link_redirects": false, "type": 0, "posts_count": 0, "topics_count": 0, "link_redirects_count": 0, "last_post_on": null, "display_sub_forum_list": true, "_description_rendered": "", "lft": 24, "rght": 25, "tree_id": 2, "level": 1}}, {"model": "forum.forum", "pk": 16, "fields": {"created": "2016-08-18T20:30:05.535Z", "updated": "2016-08-18T20:30:05.535Z", "parent": 3, "name": "Miscellaneous", "slug": "miscellaneous", "description": "", "image": "", "link": "", "link_redirects": false, "type": 0, "posts_count": 0, "topics_count": 0, "link_redirects_count": 0, "last_post_on": null, "display_sub_forum_list": true, "_description_rendered": "", "lft": 26, "rght": 27, "tree_id": 2, "level": 1}}]