[{"model": "metadata.state", "pk": 1, "fields": {"name": "Alabama", "abbreviation": "AL"}}, {"model": "metadata.state", "pk": 2, "fields": {"name": "Alaska", "abbreviation": "AK"}}, {"model": "metadata.state", "pk": 3, "fields": {"name": "Arizona", "abbreviation": "AZ"}}, {"model": "metadata.state", "pk": 4, "fields": {"name": "Arkansas", "abbreviation": "AR"}}, {"model": "metadata.state", "pk": 5, "fields": {"name": "California", "abbreviation": "CA"}}, {"model": "metadata.state", "pk": 6, "fields": {"name": "Colorado", "abbreviation": "CO"}}, {"model": "metadata.state", "pk": 7, "fields": {"name": "Connecticut", "abbreviation": "CT"}}, {"model": "metadata.state", "pk": 8, "fields": {"name": "Delaware", "abbreviation": "DE"}}, {"model": "metadata.state", "pk": 9, "fields": {"name": "Florida", "abbreviation": "FL"}}, {"model": "metadata.state", "pk": 10, "fields": {"name": "Georgia", "abbreviation": "GA"}}, {"model": "metadata.state", "pk": 11, "fields": {"name": "Hawaii", "abbreviation": "HI"}}, {"model": "metadata.state", "pk": 12, "fields": {"name": "Idaho", "abbreviation": "ID"}}, {"model": "metadata.state", "pk": 13, "fields": {"name": "Illinois", "abbreviation": "IL"}}, {"model": "metadata.state", "pk": 14, "fields": {"name": "Indiana", "abbreviation": "IN"}}, {"model": "metadata.state", "pk": 15, "fields": {"name": "Iowa", "abbreviation": "IA"}}, {"model": "metadata.state", "pk": 16, "fields": {"name": "Kansas", "abbreviation": "KS"}}, {"model": "metadata.state", "pk": 17, "fields": {"name": "Kentucky", "abbreviation": "KY"}}, {"model": "metadata.state", "pk": 18, "fields": {"name": "Louisiana", "abbreviation": "LA"}}, {"model": "metadata.state", "pk": 19, "fields": {"name": "Maine", "abbreviation": "ME"}}, {"model": "metadata.state", "pk": 20, "fields": {"name": "Maryland", "abbreviation": "MD"}}, {"model": "metadata.state", "pk": 21, "fields": {"name": "Massachusetts", "abbreviation": "MA"}}, {"model": "metadata.state", "pk": 22, "fields": {"name": "Michigan", "abbreviation": "MI"}}, {"model": "metadata.state", "pk": 23, "fields": {"name": "Minnesota", "abbreviation": "MN"}}, {"model": "metadata.state", "pk": 24, "fields": {"name": "Mississippi", "abbreviation": "MS"}}, {"model": "metadata.state", "pk": 25, "fields": {"name": "Missouri", "abbreviation": "MO"}}, {"model": "metadata.state", "pk": 26, "fields": {"name": "Montana", "abbreviation": "MT"}}, {"model": "metadata.state", "pk": 27, "fields": {"name": "Nebraska", "abbreviation": "NE"}}, {"model": "metadata.state", "pk": 28, "fields": {"name": "Nevada", "abbreviation": "NV"}}, {"model": "metadata.state", "pk": 29, "fields": {"name": "New Hampshire", "abbreviation": "NH"}}, {"model": "metadata.state", "pk": 30, "fields": {"name": "New Jersey", "abbreviation": "NJ"}}, {"model": "metadata.state", "pk": 31, "fields": {"name": "New Mexico", "abbreviation": "NM"}}, {"model": "metadata.state", "pk": 32, "fields": {"name": "New York", "abbreviation": "NY"}}, {"model": "metadata.state", "pk": 33, "fields": {"name": "North Carolina", "abbreviation": "NC"}}, {"model": "metadata.state", "pk": 34, "fields": {"name": "North Dakota", "abbreviation": "ND"}}, {"model": "metadata.state", "pk": 35, "fields": {"name": "Ohio", "abbreviation": "OH"}}, {"model": "metadata.state", "pk": 36, "fields": {"name": "Oklahoma", "abbreviation": "OK"}}, {"model": "metadata.state", "pk": 37, "fields": {"name": "Oregon", "abbreviation": "OR"}}, {"model": "metadata.state", "pk": 38, "fields": {"name": "Pennsylvania", "abbreviation": "PA"}}, {"model": "metadata.state", "pk": 39, "fields": {"name": "Rhode Island", "abbreviation": "RI"}}, {"model": "metadata.state", "pk": 40, "fields": {"name": "South Carolina", "abbreviation": "SC"}}, {"model": "metadata.state", "pk": 41, "fields": {"name": "South Dakota", "abbreviation": "SD"}}, {"model": "metadata.state", "pk": 42, "fields": {"name": "Tennessee", "abbreviation": "TN"}}, {"model": "metadata.state", "pk": 43, "fields": {"name": "Texas", "abbreviation": "TX"}}, {"model": "metadata.state", "pk": 44, "fields": {"name": "Utah", "abbreviation": "UT"}}, {"model": "metadata.state", "pk": 45, "fields": {"name": "Vermont", "abbreviation": "VT"}}, {"model": "metadata.state", "pk": 46, "fields": {"name": "Virginia", "abbreviation": "VA"}}, {"model": "metadata.state", "pk": 47, "fields": {"name": "Washington", "abbreviation": "WA"}}, {"model": "metadata.state", "pk": 48, "fields": {"name": "West Virginia", "abbreviation": "WV"}}, {"model": "metadata.state", "pk": 49, "fields": {"name": "Wisconsin", "abbreviation": "WI"}}, {"model": "metadata.state", "pk": 50, "fields": {"name": "Wyoming", "abbreviation": "WY"}}, {"model": "metadata.tag", "pk": 1, "fields": {"name": "social"}}, {"model": "metadata.keyword", "pk": 1, "fields": {"name": "alpha geeks"}}, {"model": "metadata.keyword", "pk": 2, "fields": {"name": "computer assistance"}}, {"model": "metadata.keyword", "pk": 3, "fields": {"name": "computer fix"}}, {"model": "metadata.keyword", "pk": 4, "fields": {"name": "computer geeks"}}, {"model": "metadata.keyword", "pk": 5, "fields": {"name": "computer help"}}, {"model": "metadata.keyword", "pk": 6, "fields": {"name": "computer repair"}}, {"model": "metadata.keyword", "pk": 7, "fields": {"name": "home computer service"}}, {"model": "metadata.keyword", "pk": 8, "fields": {"name": "pc fix"}}, {"model": "metadata.keyword", "pk": 9, "fields": {"name": "pc repair"}}, {"model": "metadata.keyword", "pk": 10, "fields": {"name": "virus removal"}}, {"model": "metadata.keyword", "pk": 11, "fields": {"name": "alpha computer"}}, {"model": "metadata.keyword", "pk": 12, "fields": {"name": "geek computer"}}, {"model": "metadata.keyword", "pk": 13, "fields": {"name": "computer repairs near me"}}, {"model": "metadata.keyword", "pk": 14, "fields": {"name": "plano computer repair"}}, {"model": "metadata.keyword", "pk": 15, "fields": {"name": "computer repair near me"}}, {"model": "metadata.link", "pk": 1, "fields": {"name": "facebook", "url": "https://facebook.com/alphageekcs", "tags": [1]}}, {"model": "metadata.link", "pk": 2, "fields": {"name": "google_plus", "url": "https://plus.google.com/+Ntxcomputerservices/about", "tags": [1]}}, {"model": "metadata.link", "pk": 3, "fields": {"name": "google_maps", "url": "https://maps.google.com?daddr=Alpha+Geek+Computer+Services+1727+Nest+Place+Plano+TX+75093", "tags": [1]}}, {"model": "metadata.link", "pk": 4, "fields": {"name": "yelp", "url": "https://www.yelp.com/biz/alpha-geek-computer-services-plano", "tags": [1]}}, {"model": "metadata.link", "pk": 5, "fields": {"name": "github", "url": "https://github.com/alphageek-xyz", "tags": [1]}}, {"model": "metadata.postaladdress", "pk": 3, "fields": {"name": "full", "street": "1727 Nest Place", "locality": "Plano", "state": 43, "postal_code": "75093"}}, {"model": "metadata.phonenumber", "pk": 1, "fields": {"kind": "ma", "country_code": "1", "area_code": "972", "main_digits": "6569338"}}, {"model": "metadata.localbusiness", "pk": 2, "fields": {"context": "http://schema.org", "name": "Alpha Geek Computer Services", "alt_name": "Alpha Geeks", "description": "Alpha Geek Computer Services provides in-shop, on-site, and remote IT services.", "url": "https://alphageek.xyz", "address": 3, "telephone": 1, "logo": "https://www.alphageek.xyz/s/img/logo.png", "founder": "Ryan Kaiser", "email": "root@alphageek.xyz", "links": [1, 2, 3, 4, 5]}}, {"model": "metadata.website", "pk": 2, "fields": {"site": 1, "schema": 2, "keywords": [1, 2, 3, 4, 5, 6, 7, 8, 9, 10, 11, 12, 13, 14, 15]}}]